Diwali Date-2020,,PM-2.5,Day-1,Year,Day,,
11/11/20 0:00,11/11/20 1:00,136.6,3-Day Pre Diwali,2020,3-Day Pre ,,sd =
11/11/20 1:00,11/11/20 2:00,113.94,3-Day Pre Diwali,2020,3-Day Pre ,,36.43907033
11/11/20 2:00,11/11/20 3:00,105.23,3-Day Pre Diwali,2020,3-Day Pre ,,
11/11/20 3:00,11/11/20 4:00,93.99,3-Day Pre Diwali,2020,3-Day Pre ,,
11/11/20 4:00,11/11/20 5:00,97.01,3-Day Pre Diwali,2020,3-Day Pre ,,
11/11/20 5:00,11/11/20 6:00,107.02,3-Day Pre Diwali,2020,3-Day Pre ,,
11/11/20 6:00,11/11/20 7:00,112.94,3-Day Pre Diwali,2020,3-Day Pre ,,
11/11/20 7:00,11/11/20 8:00,127.12,3-Day Pre Diwali,2020,3-Day Pre ,,
11/11/20 8:00,11/11/20 9:00,132.86,3-Day Pre Diwali,2020,3-Day Pre ,,
11/11/20 9:00,11/11/20 10:00,144.76,3-Day Pre Diwali,2020,3-Day Pre ,,
11/11/20 13:00,11/11/20 14:00,25.47,3-Day Pre Diwali,2020,3-Day Pre ,,
11/11/20 14:00,11/11/20 15:00,63.75,3-Day Pre Diwali,2020,3-Day Pre ,,
11/11/20 19:00,11/11/20 20:00,157.16,3-Day Pre Diwali,2020,3-Day Pre ,,
11/11/20 23:00,12/11/20 0:00,161.49,3-Day Pre Diwali,2020,3-Day Pre ,,
12/11/20 0:00,12/11/20 1:00,129.42,2-Day Pre Diwali,2020,2-Day Pre ,,32.99783629
12/11/20 3:00,12/11/20 4:00,105.34,2-Day Pre Diwali,2020,2-Day Pre ,,
12/11/20 4:00,12/11/20 5:00,96.13,2-Day Pre Diwali,2020,2-Day Pre ,,
12/11/20 5:00,12/11/20 6:00,93.02,2-Day Pre Diwali,2020,2-Day Pre ,,
12/11/20 6:00,12/11/20 7:00,94.48,2-Day Pre Diwali,2020,2-Day Pre ,,
12/11/20 7:00,12/11/20 8:00,91.96,2-Day Pre Diwali,2020,2-Day Pre ,,
12/11/20 8:00,12/11/20 9:00,115.37,2-Day Pre Diwali,2020,2-Day Pre ,,
12/11/20 10:00,12/11/20 11:00,103.78,2-Day Pre Diwali,2020,2-Day Pre ,,
12/11/20 11:00,12/11/20 12:00,100.02,2-Day Pre Diwali,2020,2-Day Pre ,,
12/11/20 12:00,12/11/20 13:00,85.15,2-Day Pre Diwali,2020,2-Day Pre ,,
12/11/20 13:00,12/11/20 14:00,26.49,2-Day Pre Diwali,2020,2-Day Pre ,,
12/11/20 14:00,12/11/20 15:00,23.67,2-Day Pre Diwali,2020,2-Day Pre ,,
12/11/20 15:00,12/11/20 16:00,52.73,2-Day Pre Diwali,2020,2-Day Pre ,,
12/11/20 16:00,12/11/20 17:00,61.24,2-Day Pre Diwali,2020,2-Day Pre ,,
12/11/20 18:00,12/11/20 19:00,86.13,2-Day Pre Diwali,2020,2-Day Pre ,,
12/11/20 20:00,12/11/20 21:00,143.96,2-Day Pre Diwali,2020,2-Day Pre ,,
13/11/20 0:00,13/11/20 1:00,131.25,1-Day Pre Diwali,2020,1-Day Pre ,,35.85518295
13/11/20 1:00,13/11/20 2:00,143.41,1-Day Pre Diwali,2020,1-Day Pre ,,
13/11/20 2:00,13/11/20 3:00,100.15,1-Day Pre Diwali,2020,1-Day Pre ,,
13/11/20 3:00,13/11/20 4:00,99.23,1-Day Pre Diwali,2020,1-Day Pre ,,
13/11/20 4:00,13/11/20 5:00,96.56,1-Day Pre Diwali,2020,1-Day Pre ,,
13/11/20 5:00,13/11/20 6:00,107.56,1-Day Pre Diwali,2020,1-Day Pre ,,
13/11/20 6:00,13/11/20 7:00,113.21,1-Day Pre Diwali,2020,1-Day Pre ,,
13/11/20 8:00,13/11/20 9:00,173.59,1-Day Pre Diwali,2020,1-Day Pre ,,
13/11/20 9:00,13/11/20 10:00,153.13,1-Day Pre Diwali,2020,1-Day Pre ,,
13/11/20 10:00,13/11/20 11:00,120.57,1-Day Pre Diwali,2020,1-Day Pre ,,
13/11/20 11:00,13/11/20 12:00,82.96,1-Day Pre Diwali,2020,1-Day Pre ,,
13/11/20 12:00,13/11/20 13:00,78.39,1-Day Pre Diwali,2020,1-Day Pre ,,
13/11/20 13:00,13/11/20 14:00,63.31,1-Day Pre Diwali,2020,1-Day Pre ,,
13/11/20 14:00,13/11/20 15:00,48.96,1-Day Pre Diwali,2020,1-Day Pre ,,
13/11/20 15:00,13/11/20 16:00,53.41,1-Day Pre Diwali,2020,1-Day Pre ,,
13/11/20 16:00,13/11/20 17:00,75.28,1-Day Pre Diwali,2020,1-Day Pre ,,
13/11/20 17:00,13/11/20 18:00,89.08,1-Day Pre Diwali,2020,1-Day Pre ,,
13/11/20 18:00,13/11/20 19:00,87.18,1-Day Pre Diwali,2020,1-Day Pre ,,
13/11/20 19:00,13/11/20 20:00,113.04,1-Day Pre Diwali,2020,1-Day Pre ,,
13/11/20 20:00,13/11/20 21:00,138.91,1-Day Pre Diwali,2020,1-Day Pre ,,
13/11/20 21:00,13/11/20 22:00,142.58,1-Day Pre Diwali,2020,1-Day Pre ,,
13/11/20 22:00,13/11/20 23:00,164.21,1-Day Pre Diwali,2020,1-Day Pre ,,
13/11/20 23:00,14/11/20 0:00,159.43,1-Day Pre Diwali,2020,1-Day Pre ,,
14/11/20 0:00,14/11/20 1:00,168.11,Diwali,2020,Diwali,,36.70053672
14/11/20 1:00,14/11/20 2:00,157.97,Diwali,2020,Diwali,,
14/11/20 2:00,14/11/20 3:00,118.51,Diwali,2020,Diwali,,
14/11/20 3:00,14/11/20 4:00,111.84,Diwali,2020,Diwali,,
14/11/20 4:00,14/11/20 5:00,108.71,Diwali,2020,Diwali,,
14/11/20 5:00,14/11/20 6:00,97.82,Diwali,2020,Diwali,,
14/11/20 6:00,14/11/20 7:00,95.59,Diwali,2020,Diwali,,
14/11/20 7:00,14/11/20 8:00,93.71,Diwali,2020,Diwali,,
14/11/20 8:00,14/11/20 9:00,98.55,Diwali,2020,Diwali,,
14/11/20 9:00,14/11/20 10:00,90.84,Diwali,2020,Diwali,,
14/11/20 10:00,14/11/20 11:00,87.73,Diwali,2020,Diwali,,
14/11/20 12:00,14/11/20 13:00,38.54,Diwali,2020,Diwali,,
14/11/20 13:00,14/11/20 14:00,46.59,Diwali,2020,Diwali,,
14/11/20 14:00,14/11/20 15:00,48.11,Diwali,2020,Diwali,,
14/11/20 15:00,14/11/20 16:00,81.87,Diwali,2020,Diwali,,
14/11/20 16:00,14/11/20 17:00,92.86,Diwali,2020,Diwali,,
14/11/20 17:00,14/11/20 18:00,95.17,Diwali,2020,Diwali,,
14/11/20 18:00,14/11/20 19:00,102.95,Diwali,2020,Diwali,,
14/11/20 19:00,14/11/20 20:00,95.91,Diwali,2020,Diwali,,
14/11/20 20:00,14/11/20 21:00,140.07,Diwali,2020,Diwali,,
14/11/20 21:00,14/11/20 22:00,168.57,Diwali,2020,Diwali,,
14/11/20 22:00,14/11/20 23:00,161.98,Diwali,2020,Diwali,,
14/11/20 23:00,15/11/20 0:00,149.29,1-Day Post Diwali,2020,1-Day Post ,,21.63217897
15/11/20 2:00,15/11/20 3:00,66.68,1-Day Post Diwali,2020,1-Day Post ,,
15/11/20 3:00,15/11/20 4:00,71.67,1-Day Post Diwali,2020,1-Day Post ,,
15/11/20 4:00,15/11/20 5:00,67.66,1-Day Post Diwali,2020,1-Day Post ,,
15/11/20 5:00,15/11/20 6:00,92.7,1-Day Post Diwali,2020,1-Day Post ,,
15/11/20 6:00,15/11/20 7:00,79.1,1-Day Post Diwali,2020,1-Day Post ,,
15/11/20 7:00,15/11/20 8:00,86.33,1-Day Post Diwali,2020,1-Day Post ,,
15/11/20 8:00,15/11/20 9:00,99.29,1-Day Post Diwali,2020,1-Day Post ,,
15/11/20 9:00,15/11/20 10:00,96.21,1-Day Post Diwali,2020,1-Day Post ,,
15/11/20 10:00,15/11/20 11:00,92.72,1-Day Post Diwali,2020,1-Day Post ,,
15/11/20 11:00,15/11/20 12:00,96.97,1-Day Post Diwali,2020,1-Day Post ,,
15/11/20 12:00,15/11/20 13:00,80.04,1-Day Post Diwali,2020,1-Day Post ,,
15/11/20 13:00,15/11/20 14:00,89.5,1-Day Post Diwali,2020,1-Day Post ,,
15/11/20 14:00,15/11/20 15:00,78.9,1-Day Post Diwali,2020,1-Day Post ,,
15/11/20 15:00,15/11/20 16:00,83.61,1-Day Post Diwali,2020,1-Day Post ,,
15/11/20 19:00,15/11/20 20:00,38.27,1-Day Post Diwali,2020,1-Day Post ,,
15/11/20 20:00,15/11/20 21:00,64.53,1-Day Post Diwali,2020,1-Day Post ,,
15/11/20 21:00,15/11/20 22:00,61.59,1-Day Post Diwali,2020,1-Day Post ,,
15/11/20 22:00,15/11/20 23:00,71.32,1-Day Post Diwali,2020,1-Day Post ,,
15/11/20 23:00,16/11/20 0:00,86.77,1-Day Post Diwali,2020,1-Day Post ,,
16/11/20 0:00,16/11/20 1:00,63.08,2-Day Post Diwali,2020,2-Day Post ,,14.64761224
16/11/20 1:00,16/11/20 2:00,71.65,2-Day Post Diwali,2020,2-Day Post ,,
16/11/20 2:00,16/11/20 3:00,72.9,2-Day Post Diwali,2020,2-Day Post ,,
16/11/20 3:00,16/11/20 4:00,83.06,2-Day Post Diwali,2020,2-Day Post ,,
16/11/20 4:00,16/11/20 5:00,72.76,2-Day Post Diwali,2020,2-Day Post ,,
16/11/20 5:00,16/11/20 6:00,74.18,2-Day Post Diwali,2020,2-Day Post ,,
16/11/20 6:00,16/11/20 7:00,66.53,2-Day Post Diwali,2020,2-Day Post ,,
16/11/20 7:00,16/11/20 8:00,58.34,2-Day Post Diwali,2020,2-Day Post ,,
16/11/20 8:00,16/11/20 9:00,62.38,2-Day Post Diwali,2020,2-Day Post ,,
16/11/20 9:00,16/11/20 10:00,54.09,2-Day Post Diwali,2020,2-Day Post ,,
16/11/20 10:00,16/11/20 11:00,58.14,2-Day Post Diwali,2020,2-Day Post ,,
16/11/20 11:00,16/11/20 12:00,50.93,2-Day Post Diwali,2020,2-Day Post ,,
16/11/20 12:00,16/11/20 13:00,35.77,2-Day Post Diwali,2020,2-Day Post ,,
16/11/20 13:00,16/11/20 14:00,29.74,2-Day Post Diwali,2020,2-Day Post ,,
16/11/20 14:00,16/11/20 15:00,34.67,2-Day Post Diwali,2020,2-Day Post ,,
16/11/20 15:00,16/11/20 16:00,49.64,2-Day Post Diwali,2020,2-Day Post ,,
16/11/20 16:00,16/11/20 17:00,68.25,2-Day Post Diwali,2020,2-Day Post ,,
16/11/20 17:00,16/11/20 18:00,68.63,2-Day Post Diwali,2020,2-Day Post ,,
16/11/20 18:00,16/11/20 19:00,71.48,2-Day Post Diwali,2020,2-Day Post ,,
16/11/20 19:00,16/11/20 20:00,76.36,2-Day Post Diwali,2020,2-Day Post ,,
16/11/20 20:00,16/11/20 21:00,69.94,2-Day Post Diwali,2020,2-Day Post ,,
16/11/20 21:00,16/11/20 22:00,73.33,2-Day Post Diwali,2020,2-Day Post ,,
16/11/20 22:00,16/11/20 23:00,81.66,2-Day Post Diwali,2020,2-Day Post ,,
17/11/20 0:00,17/11/20 1:00,45.9,3-Day Post Diwali,2020,3-Day Post ,,
17/11/20 1:00,17/11/20 2:00,33.6,3-Day Post Diwali,2020,3-Day Post ,,
17/11/20 2:00,17/11/20 3:00,30.97,3-Day Post Diwali,2020,3-Day Post ,,
17/11/20 3:00,17/11/20 4:00,50.18,3-Day Post Diwali,2020,3-Day Post ,,
17/11/20 4:00,17/11/20 5:00,46.58,3-Day Post Diwali,2020,3-Day Post ,,
17/11/20 5:00,17/11/20 6:00,43.63,3-Day Post Diwali,2020,3-Day Post ,,
17/11/20 6:00,17/11/20 7:00,49.47,3-Day Post Diwali,2020,3-Day Post ,,
17/11/20 7:00,17/11/20 8:00,52.8,3-Day Post Diwali,2020,3-Day Post ,,
17/11/20 8:00,17/11/20 9:00,64.44,3-Day Post Diwali,2020,3-Day Post ,,
17/11/20 9:00,17/11/20 10:00,72.73,3-Day Post Diwali,2020,3-Day Post ,,
17/11/20 10:00,17/11/20 11:00,69.6,3-Day Post Diwali,2020,3-Day Post ,,
17/11/20 11:00,17/11/20 12:00,82.29,3-Day Post Diwali,2020,3-Day Post ,,
17/11/20 13:00,17/11/20 14:00,23.8,3-Day Post Diwali,2020,3-Day Post ,,
17/11/20 14:00,17/11/20 15:00,29.89,3-Day Post Diwali,2020,3-Day Post ,,
17/11/20 15:00,17/11/20 16:00,44.18,3-Day Post Diwali,2020,3-Day Post ,,
17/11/20 16:00,17/11/20 17:00,62.35,3-Day Post Diwali,2020,3-Day Post ,,
17/11/20 17:00,17/11/20 18:00,58.55,3-Day Post Diwali,2020,3-Day Post ,,
17/11/20 18:00,17/11/20 19:00,65.29,3-Day Post Diwali,2020,3-Day Post ,,
17/11/20 19:00,17/11/20 20:00,58.97,3-Day Post Diwali,2020,3-Day Post ,,
17/11/20 20:00,17/11/20 21:00,74.95,3-Day Post Diwali,2020,3-Day Post ,,
17/11/20 21:00,17/11/20 22:00,73.89,3-Day Post Diwali,2020,3-Day Post ,,
17/11/20 22:00,17/11/20 23:00,93.81,3-Day Post Diwali,2020,3-Day Post ,,
24/10/19 0:00,24/10/19 1:00,137.42,3-Day Pre Diwali,2019,3-Day Pre ,,
24/10/19 1:00,24/10/19 2:00,109.09,3-Day Pre Diwali,2019,3-Day Pre ,,
24/10/19 2:00,24/10/19 3:00,91.26,3-Day Pre Diwali,2019,3-Day Pre ,,
24/10/19 3:00,24/10/19 4:00,68.16,3-Day Pre Diwali,2019,3-Day Pre ,,
24/10/19 4:00,24/10/19 5:00,57.75,3-Day Pre Diwali,2019,3-Day Pre ,,
24/10/19 5:00,24/10/19 6:00,64.84,3-Day Pre Diwali,2019,3-Day Pre ,,
24/10/19 6:00,24/10/19 7:00,74.69,3-Day Pre Diwali,2019,3-Day Pre ,,
24/10/19 7:00,24/10/19 8:00,65.2,3-Day Pre Diwali,2019,3-Day Pre ,,
24/10/19 8:00,24/10/19 9:00,99.37,3-Day Pre Diwali,2019,3-Day Pre ,,
24/10/19 9:00,24/10/19 10:00,100.37,3-Day Pre Diwali,2019,3-Day Pre ,,
24/10/19 10:00,24/10/19 11:00,105.82,3-Day Pre Diwali,2019,3-Day Pre ,,
24/10/19 11:00,24/10/19 12:00,85.95,3-Day Pre Diwali,2019,3-Day Pre ,,
24/10/19 12:00,24/10/19 13:00,81.56,3-Day Pre Diwali,2019,3-Day Pre ,,
24/10/19 13:00,24/10/19 14:00,47.51,3-Day Pre Diwali,2019,3-Day Pre ,,
24/10/19 14:00,24/10/19 15:00,47.53,3-Day Pre Diwali,2019,3-Day Pre ,,
24/10/19 15:00,24/10/19 16:00,74.65,3-Day Pre Diwali,2019,3-Day Pre ,,
24/10/19 18:00,24/10/19 19:00,38.58,3-Day Pre Diwali,2019,3-Day Pre ,,
24/10/19 19:00,24/10/19 20:00,70.07,3-Day Pre Diwali,2019,3-Day Pre ,,
24/10/19 20:00,24/10/19 21:00,81.32,3-Day Pre Diwali,2019,3-Day Pre ,,
24/10/19 21:00,24/10/19 22:00,91.38,3-Day Pre Diwali,2019,3-Day Pre ,,
24/10/19 22:00,24/10/19 23:00,86.55,3-Day Pre Diwali,2019,3-Day Pre ,,
25/10/19 0:00,25/10/19 1:00,90.96,2-Day Pre Diwali,2019,2-Day Pre ,,
25/10/19 1:00,25/10/19 2:00,99.15,2-Day Pre Diwali,2019,2-Day Pre ,,
25/10/19 2:00,25/10/19 3:00,109.45,2-Day Pre Diwali,2019,2-Day Pre ,,
25/10/19 3:00,25/10/19 4:00,107.03,2-Day Pre Diwali,2019,2-Day Pre ,,
25/10/19 4:00,25/10/19 5:00,108.25,2-Day Pre Diwali,2019,2-Day Pre ,,
25/10/19 6:00,25/10/19 7:00,146.71,2-Day Pre Diwali,2019,2-Day Pre ,,
25/10/19 7:00,25/10/19 8:00,152.67,2-Day Pre Diwali,2019,2-Day Pre ,,
25/10/19 8:00,25/10/19 9:00,166.76,2-Day Pre Diwali,2019,2-Day Pre ,,
25/10/19 9:00,25/10/19 10:00,144.01,2-Day Pre Diwali,2019,2-Day Pre ,,
25/10/19 10:00,25/10/19 11:00,142.07,2-Day Pre Diwali,2019,2-Day Pre ,,
25/10/19 11:00,25/10/19 12:00,125.49,2-Day Pre Diwali,2019,2-Day Pre ,,
25/10/19 12:00,25/10/19 13:00,108.81,2-Day Pre Diwali,2019,2-Day Pre ,,
25/10/19 14:00,25/10/19 15:00,77.52,2-Day Pre Diwali,2019,2-Day Pre ,,
25/10/19 15:00,25/10/19 16:00,81.17,2-Day Pre Diwali,2019,2-Day Pre ,,
25/10/19 16:00,25/10/19 17:00,77.17,2-Day Pre Diwali,2019,2-Day Pre ,,
25/10/19 17:00,25/10/19 18:00,72.25,2-Day Pre Diwali,2019,2-Day Pre ,,
25/10/19 18:00,25/10/19 19:00,85.57,2-Day Pre Diwali,2019,2-Day Pre ,,
25/10/19 19:00,25/10/19 20:00,95.95,2-Day Pre Diwali,2019,2-Day Pre ,,
25/10/19 20:00,25/10/19 21:00,103.57,2-Day Pre Diwali,2019,2-Day Pre ,,
25/10/19 21:00,25/10/19 22:00,114.42,2-Day Pre Diwali,2019,2-Day Pre ,,
25/10/19 22:00,25/10/19 23:00,103.61,2-Day Pre Diwali,2019,2-Day Pre ,,
25/10/19 23:00,26/10/19 0:00,108.83,2-Day Pre Diwali,2019,2-Day Pre ,,
26/10/19 0:00,26/10/19 1:00,109.46,1-Day Pre Diwali,2019,1-Day Pre ,,
26/10/19 1:00,26/10/19 2:00,92.1,1-Day Pre Diwali,2019,1-Day Pre ,,
26/10/19 2:00,26/10/19 3:00,96.48,1-Day Pre Diwali,2019,1-Day Pre ,,
26/10/19 3:00,26/10/19 4:00,87.56,1-Day Pre Diwali,2019,1-Day Pre ,,
26/10/19 4:00,26/10/19 5:00,92.41,1-Day Pre Diwali,2019,1-Day Pre ,,
26/10/19 6:00,26/10/19 7:00,107.36,1-Day Pre Diwali,2019,1-Day Pre ,,
26/10/19 7:00,26/10/19 8:00,108.84,1-Day Pre Diwali,2019,1-Day Pre ,,
26/10/19 8:00,26/10/19 9:00,117.7,1-Day Pre Diwali,2019,1-Day Pre ,,
26/10/19 9:00,26/10/19 10:00,107.99,1-Day Pre Diwali,2019,1-Day Pre ,,
26/10/19 10:00,26/10/19 11:00,72.49,1-Day Pre Diwali,2019,1-Day Pre ,,
26/10/19 11:00,26/10/19 12:00,89.27,1-Day Pre Diwali,2019,1-Day Pre ,,
26/10/19 12:00,26/10/19 13:00,65.78,1-Day Pre Diwali,2019,1-Day Pre ,,
26/10/19 14:00,26/10/19 15:00,22.94,1-Day Pre Diwali,2019,1-Day Pre ,,
26/10/19 15:00,26/10/19 16:00,24.48,1-Day Pre Diwali,2019,1-Day Pre ,,
26/10/19 16:00,26/10/19 17:00,42.47,1-Day Pre Diwali,2019,1-Day Pre ,,
26/10/19 17:00,26/10/19 18:00,53.79,1-Day Pre Diwali,2019,1-Day Pre ,,
26/10/19 18:00,26/10/19 19:00,49.19,1-Day Pre Diwali,2019,1-Day Pre ,,
26/10/19 19:00,26/10/19 20:00,52.52,1-Day Pre Diwali,2019,1-Day Pre ,,
26/10/19 20:00,26/10/19 21:00,88.76,1-Day Pre Diwali,2019,1-Day Pre ,,
26/10/19 21:00,26/10/19 22:00,99.78,1-Day Pre Diwali,2019,1-Day Pre ,,
26/10/19 22:00,26/10/19 23:00,114.51,1-Day Pre Diwali,2019,1-Day Pre ,,
26/10/19 23:00,27/10/19 0:00,120.85,1-Day Pre Diwali,2019,1-Day Pre ,,
27/10/19 0:00,27/10/19 1:00,91.79,Diwali,2019,Diwali,,
27/10/19 1:00,27/10/19 2:00,96.13,Diwali,2019,Diwali,,
27/10/19 2:00,27/10/19 3:00,87.36,Diwali,2019,Diwali,,
27/10/19 3:00,27/10/19 4:00,79.88,Diwali,2019,Diwali,,
27/10/19 4:00,27/10/19 5:00,83.61,Diwali,2019,Diwali,,
27/10/19 5:00,27/10/19 6:00,80.11,Diwali,2019,Diwali,,
27/10/19 6:00,27/10/19 7:00,82.18,Diwali,2019,Diwali,,
27/10/19 7:00,27/10/19 8:00,90.85,Diwali,2019,Diwali,,
27/10/19 8:00,27/10/19 9:00,91.66,Diwali,2019,Diwali,,
27/10/19 9:00,27/10/19 10:00,68.15,Diwali,2019,Diwali,,
27/10/19 10:00,27/10/19 11:00,57.92,Diwali,2019,Diwali,,
27/10/19 11:00,27/10/19 12:00,38.01,Diwali,2019,Diwali,,
27/10/19 12:00,27/10/19 13:00,57.95,Diwali,2019,Diwali,,
27/10/19 13:00,27/10/19 14:00,39.45,Diwali,2019,Diwali,,
27/10/19 14:00,27/10/19 15:00,27.08,Diwali,2019,Diwali,,
27/10/19 15:00,27/10/19 16:00,43.1,Diwali,2019,Diwali,,
27/10/19 16:00,27/10/19 17:00,48.78,Diwali,2019,Diwali,,
27/10/19 17:00,27/10/19 18:00,56.72,Diwali,2019,Diwali,,
27/10/19 18:00,27/10/19 19:00,55.32,Diwali,2019,Diwali,,
27/10/19 19:00,27/10/19 20:00,100.11,Diwali,2019,Diwali,,
27/10/19 20:00,27/10/19 21:00,145.11,Diwali,2019,Diwali,,
27/10/19 21:00,27/10/19 22:00,240.35,Diwali,2019,Diwali,,
27/10/19 22:00,27/10/19 23:00,508.15,Diwali,2019,Diwali,,
27/10/19 23:00,28/10/19 0:00,803.08,Diwali,2019,Diwali,,
28/10/19 1:00,28/10/19 2:00,880.8,1-Day Post Diwali,2019,1-Day Post ,,
28/10/19 2:00,28/10/19 3:00,678,1-Day Post Diwali,2019,1-Day Post ,,
28/10/19 3:00,28/10/19 4:00,536.5,1-Day Post Diwali,2019,1-Day Post ,,
28/10/19 4:00,28/10/19 5:00,377.9,1-Day Post Diwali,2019,1-Day Post ,,
28/10/19 5:00,28/10/19 6:00,281.7,1-Day Post Diwali,2019,1-Day Post ,,
28/10/19 6:00,28/10/19 7:00,207.7,1-Day Post Diwali,2019,1-Day Post ,,
28/10/19 9:00,28/10/19 10:00,111.9,1-Day Post Diwali,2019,1-Day Post ,,
28/10/19 10:00,28/10/19 11:00,109.9,1-Day Post Diwali,2019,1-Day Post ,,
28/10/19 11:00,28/10/19 12:00,89.9,1-Day Post Diwali,2019,1-Day Post ,,
28/10/19 12:00,28/10/19 13:00,79.3,1-Day Post Diwali,2019,1-Day Post ,,
28/10/19 13:00,28/10/19 14:00,71.2,1-Day Post Diwali,2019,1-Day Post ,,
28/10/19 14:00,28/10/19 15:00,69.4,1-Day Post Diwali,2019,1-Day Post ,,
28/10/19 15:00,28/10/19 16:00,70.7,1-Day Post Diwali,2019,1-Day Post ,,
28/10/19 16:00,28/10/19 17:00,75,1-Day Post Diwali,2019,1-Day Post ,,
28/10/19 17:00,28/10/19 18:00,67.7,1-Day Post Diwali,2019,1-Day Post ,,
28/10/19 18:00,28/10/19 19:00,85.7,1-Day Post Diwali,2019,1-Day Post ,,
28/10/19 19:00,28/10/19 20:00,88.1,1-Day Post Diwali,2019,1-Day Post ,,
28/10/19 20:00,28/10/19 21:00,119.6,1-Day Post Diwali,2019,1-Day Post ,,
28/10/19 21:00,28/10/19 22:00,192.3,1-Day Post Diwali,2019,1-Day Post ,,
28/10/19 22:00,28/10/19 23:00,242.3,1-Day Post Diwali,2019,1-Day Post ,,
28/10/19 23:00,29/10/19 0:00,301.9,1-Day Post Diwali,2019,1-Day Post ,,
29/10/19 0:00,29/10/19 1:00,446.5,2-Day Post Diwali,2019,2-Day Post ,,
29/10/19 1:00,29/10/19 2:00,512.2,2-Day Post Diwali,2019,2-Day Post ,,
29/10/19 2:00,29/10/19 3:00,539.7,2-Day Post Diwali,2019,2-Day Post ,,
29/10/19 3:00,29/10/19 4:00,510.1,2-Day Post Diwali,2019,2-Day Post ,,
29/10/19 4:00,29/10/19 5:00,428.3,2-Day Post Diwali,2019,2-Day Post ,,
29/10/19 5:00,29/10/19 6:00,324.9,2-Day Post Diwali,2019,2-Day Post ,,
29/10/19 6:00,29/10/19 7:00,263.2,2-Day Post Diwali,2019,2-Day Post ,,
29/10/19 7:00,29/10/19 8:00,225.6,2-Day Post Diwali,2019,2-Day Post ,,
29/10/19 8:00,29/10/19 9:00,179.6,2-Day Post Diwali,2019,2-Day Post ,,
29/10/19 9:00,29/10/19 10:00,137.3,2-Day Post Diwali,2019,2-Day Post ,,
29/10/19 10:00,29/10/19 11:00,122.8,2-Day Post Diwali,2019,2-Day Post ,,
29/10/19 11:00,29/10/19 12:00,104,2-Day Post Diwali,2019,2-Day Post ,,
29/10/19 12:00,29/10/19 13:00,96.1,2-Day Post Diwali,2019,2-Day Post ,,
29/10/19 13:00,29/10/19 14:00,85,2-Day Post Diwali,2019,2-Day Post ,,
29/10/19 14:00,29/10/19 15:00,81.2,2-Day Post Diwali,2019,2-Day Post ,,
29/10/19 15:00,29/10/19 16:00,88.5,2-Day Post Diwali,2019,2-Day Post ,,
29/10/19 16:00,29/10/19 17:00,86.5,2-Day Post Diwali,2019,2-Day Post ,,
29/10/19 17:00,29/10/19 18:00,94.7,2-Day Post Diwali,2019,2-Day Post ,,
29/10/19 18:00,29/10/19 19:00,96,2-Day Post Diwali,2019,2-Day Post ,,
29/10/19 19:00,29/10/19 20:00,120.5,2-Day Post Diwali,2019,2-Day Post ,,
29/10/19 20:00,29/10/19 21:00,148.3,2-Day Post Diwali,2019,2-Day Post ,,
29/10/19 21:00,29/10/19 22:00,200.8,2-Day Post Diwali,2019,2-Day Post ,,
29/10/19 22:00,29/10/19 23:00,232.3,2-Day Post Diwali,2019,2-Day Post ,,
29/10/19 23:00,30/10/19 0:00,212.3,2-Day Post Diwali,2019,2-Day Post ,,
30/10/19 0:00,30/10/19 1:00,176.8,3-Day Post Diwali,2019,3-Day Post ,,
30/10/19 1:00,30/10/19 2:00,147.7,3-Day Post Diwali,2019,3-Day Post ,,
30/10/19 2:00,30/10/19 3:00,122.2,3-Day Post Diwali,2019,3-Day Post ,,
30/10/19 3:00,30/10/19 4:00,90.3,3-Day Post Diwali,2019,3-Day Post ,,
30/10/19 4:00,30/10/19 5:00,77.5,3-Day Post Diwali,2019,3-Day Post ,,
30/10/19 5:00,30/10/19 6:00,84.9,3-Day Post Diwali,2019,3-Day Post ,,
30/10/19 6:00,30/10/19 7:00,88.4,3-Day Post Diwali,2019,3-Day Post ,,
30/10/19 7:00,30/10/19 8:00,88.2,3-Day Post Diwali,2019,3-Day Post ,,
30/10/19 8:00,30/10/19 9:00,92.4,3-Day Post Diwali,2019,3-Day Post ,,
30/10/19 9:00,30/10/19 10:00,91.4,3-Day Post Diwali,2019,3-Day Post ,,
30/10/19 10:00,30/10/19 11:00,85.4,3-Day Post Diwali,2019,3-Day Post ,,
30/10/19 11:00,30/10/19 12:00,81.8,3-Day Post Diwali,2019,3-Day Post ,,
30/10/19 12:00,30/10/19 13:00,77.4,3-Day Post Diwali,2019,3-Day Post ,,
30/10/19 13:00,30/10/19 14:00,45.3,3-Day Post Diwali,2019,3-Day Post ,,
30/10/19 14:00,30/10/19 15:00,41.3,3-Day Post Diwali,2019,3-Day Post ,,
30/10/19 15:00,30/10/19 16:00,47.9,3-Day Post Diwali,2019,3-Day Post ,,
30/10/19 16:00,30/10/19 17:00,51.3,3-Day Post Diwali,2019,3-Day Post ,,
30/10/19 17:00,30/10/19 18:00,55.6,3-Day Post Diwali,2019,3-Day Post ,,
30/10/19 18:00,30/10/19 19:00,46.6,3-Day Post Diwali,2019,3-Day Post ,,
30/10/19 19:00,30/10/19 20:00,59,3-Day Post Diwali,2019,3-Day Post ,,
30/10/19 20:00,30/10/19 21:00,60.1,3-Day Post Diwali,2019,3-Day Post ,,
30/10/19 21:00,30/10/19 22:00,67.8,3-Day Post Diwali,2019,3-Day Post ,,
30/10/19 22:00,30/10/19 23:00,63.6,3-Day Post Diwali,2019,3-Day Post ,,
30/10/19 23:00,31/10/19 0:00,84.3,3-Day Post Diwali,2019,3-Day Post ,,
04/11/18 0:00,04/11/18 1:00,104.76,3-Day Pre Diwali,2018,3-Day Pre ,,
04/11/18 1:00,04/11/18 2:00,100.12,3-Day Pre Diwali,2018,3-Day Pre ,,
04/11/18 2:00,04/11/18 3:00,123.46,3-Day Pre Diwali,2018,3-Day Pre ,,
04/11/18 3:00,04/11/18 4:00,135.42,3-Day Pre Diwali,2018,3-Day Pre ,,
04/11/18 4:00,04/11/18 5:00,160.95,3-Day Pre Diwali,2018,3-Day Pre ,,
04/11/18 5:00,04/11/18 6:00,209.69,3-Day Pre Diwali,2018,3-Day Pre ,,
04/11/18 6:00,04/11/18 7:00,217.15,3-Day Pre Diwali,2018,3-Day Pre ,,
04/11/18 7:00,04/11/18 8:00,223.59,3-Day Pre Diwali,2018,3-Day Pre ,,
04/11/18 8:00,04/11/18 9:00,216.98,3-Day Pre Diwali,2018,3-Day Pre ,,
04/11/18 9:00,04/11/18 10:00,180.82,3-Day Pre Diwali,2018,3-Day Pre ,,
04/11/18 10:00,04/11/18 11:00,142.17,3-Day Pre Diwali,2018,3-Day Pre ,,
04/11/18 11:00,04/11/18 12:00,106.85,3-Day Pre Diwali,2018,3-Day Pre ,,
04/11/18 12:00,04/11/18 13:00,89.32,3-Day Pre Diwali,2018,3-Day Pre ,,
04/11/18 13:00,04/11/18 14:00,90.38,3-Day Pre Diwali,2018,3-Day Pre ,,
04/11/18 14:00,04/11/18 15:00,67.39,3-Day Pre Diwali,2018,3-Day Pre ,,
04/11/18 15:00,04/11/18 16:00,46.64,3-Day Pre Diwali,2018,3-Day Pre ,,
04/11/18 16:00,04/11/18 17:00,46.32,3-Day Pre Diwali,2018,3-Day Pre ,,
04/11/18 17:00,04/11/18 18:00,47.02,3-Day Pre Diwali,2018,3-Day Pre ,,
04/11/18 18:00,04/11/18 19:00,48.7,3-Day Pre Diwali,2018,3-Day Pre ,,
04/11/18 19:00,04/11/18 20:00,52.3,3-Day Pre Diwali,2018,3-Day Pre ,,
04/11/18 20:00,04/11/18 21:00,72.13,3-Day Pre Diwali,2018,3-Day Pre ,,
04/11/18 21:00,04/11/18 22:00,72.48,3-Day Pre Diwali,2018,3-Day Pre ,,
04/11/18 22:00,04/11/18 23:00,80.67,3-Day Pre Diwali,2018,3-Day Pre ,,
04/11/18 23:00,05/11/18 0:00,85.87,3-Day Pre Diwali,2018,3-Day Pre ,,
05/11/18 0:00,05/11/18 1:00,68.86,2-Day Pre Diwali,2018,2-Day Pre ,,
05/11/18 1:00,05/11/18 2:00,52.88,2-Day Pre Diwali,2018,2-Day Pre ,,
05/11/18 2:00,05/11/18 3:00,47.11,2-Day Pre Diwali,2018,2-Day Pre ,,
05/11/18 3:00,05/11/18 4:00,38.96,2-Day Pre Diwali,2018,2-Day Pre ,,
05/11/18 4:00,05/11/18 5:00,37.13,2-Day Pre Diwali,2018,2-Day Pre ,,
05/11/18 5:00,05/11/18 6:00,23.06,2-Day Pre Diwali,2018,2-Day Pre ,,
05/11/18 6:00,05/11/18 7:00,47.36,2-Day Pre Diwali,2018,2-Day Pre ,,
05/11/18 7:00,05/11/18 8:00,73.06,2-Day Pre Diwali,2018,2-Day Pre ,,
05/11/18 8:00,05/11/18 9:00,103.27,2-Day Pre Diwali,2018,2-Day Pre ,,
05/11/18 9:00,05/11/18 10:00,101.75,2-Day Pre Diwali,2018,2-Day Pre ,,
05/11/18 10:00,05/11/18 11:00,96.13,2-Day Pre Diwali,2018,2-Day Pre ,,
05/11/18 11:00,05/11/18 12:00,48.33,2-Day Pre Diwali,2018,2-Day Pre ,,
05/11/18 13:00,05/11/18 14:00,17.51,2-Day Pre Diwali,2018,2-Day Pre ,,
05/11/18 14:00,05/11/18 15:00,27.65,2-Day Pre Diwali,2018,2-Day Pre ,,
05/11/18 15:00,05/11/18 16:00,35.69,2-Day Pre Diwali,2018,2-Day Pre ,,
05/11/18 16:00,05/11/18 17:00,40.81,2-Day Pre Diwali,2018,2-Day Pre ,,
05/11/18 17:00,05/11/18 18:00,49.41,2-Day Pre Diwali,2018,2-Day Pre ,,
05/11/18 18:00,05/11/18 19:00,63.37,2-Day Pre Diwali,2018,2-Day Pre ,,
05/11/18 19:00,05/11/18 20:00,89.67,2-Day Pre Diwali,2018,2-Day Pre ,,
05/11/18 20:00,05/11/18 21:00,116.15,2-Day Pre Diwali,2018,2-Day Pre ,,
05/11/18 21:00,05/11/18 22:00,118.97,2-Day Pre Diwali,2018,2-Day Pre ,,
05/11/18 22:00,05/11/18 23:00,108.92,2-Day Pre Diwali,2018,2-Day Pre ,,
05/11/18 23:00,06/11/18 0:00,108.16,2-Day Pre Diwali,2018,2-Day Pre ,,
06/11/18 0:00,06/11/18 1:00,119.1,1-Day Pre Diwali,2018,1-Day Pre ,,
06/11/18 1:00,06/11/18 2:00,132.06,1-Day Pre Diwali,2018,1-Day Pre ,,
06/11/18 2:00,06/11/18 3:00,145.13,1-Day Pre Diwali,2018,1-Day Pre ,,
06/11/18 3:00,06/11/18 4:00,144.26,1-Day Pre Diwali,2018,1-Day Pre ,,
06/11/18 4:00,06/11/18 5:00,134.24,1-Day Pre Diwali,2018,1-Day Pre ,,
06/11/18 5:00,06/11/18 6:00,131.19,1-Day Pre Diwali,2018,1-Day Pre ,,
06/11/18 6:00,06/11/18 7:00,141.33,1-Day Pre Diwali,2018,1-Day Pre ,,
06/11/18 7:00,06/11/18 8:00,170.98,1-Day Pre Diwali,2018,1-Day Pre ,,
06/11/18 8:00,06/11/18 9:00,199.43,1-Day Pre Diwali,2018,1-Day Pre ,,
06/11/18 9:00,06/11/18 10:00,208.86,1-Day Pre Diwali,2018,1-Day Pre ,,
06/11/18 11:00,06/11/18 12:00,26.72,1-Day Pre Diwali,2018,1-Day Pre ,,
06/11/18 12:00,06/11/18 13:00,52.03,1-Day Pre Diwali,2018,1-Day Pre ,,
06/11/18 13:00,06/11/18 14:00,68.67,1-Day Pre Diwali,2018,1-Day Pre ,,
06/11/18 14:00,06/11/18 15:00,69.82,1-Day Pre Diwali,2018,1-Day Pre ,,
06/11/18 15:00,06/11/18 16:00,69.76,1-Day Pre Diwali,2018,1-Day Pre ,,
06/11/18 16:00,06/11/18 17:00,56.19,1-Day Pre Diwali,2018,1-Day Pre ,,
06/11/18 17:00,06/11/18 18:00,65.69,1-Day Pre Diwali,2018,1-Day Pre ,,
06/11/18 18:00,06/11/18 19:00,65.88,1-Day Pre Diwali,2018,1-Day Pre ,,
06/11/18 19:00,06/11/18 20:00,82.63,1-Day Pre Diwali,2018,1-Day Pre ,,
06/11/18 20:00,06/11/18 21:00,137.03,1-Day Pre Diwali,2018,1-Day Pre ,,
06/11/18 21:00,06/11/18 22:00,155.92,1-Day Pre Diwali,2018,1-Day Pre ,,
06/11/18 22:00,06/11/18 23:00,133.1,1-Day Pre Diwali,2018,1-Day Pre ,,
06/11/18 23:00,07/11/18 0:00,111.21,1-Day Pre Diwali,2018,1-Day Pre ,,
07/11/18 0:00,07/11/18 1:00,75.89,Diwali,2018,Diwali,,
07/11/18 1:00,07/11/18 2:00,66.96,Diwali,2018,Diwali,,
07/11/18 2:00,07/11/18 3:00,65.63,Diwali,2018,Diwali,,
07/11/18 3:00,07/11/18 4:00,65.29,Diwali,2018,Diwali,,
07/11/18 4:00,07/11/18 5:00,48.52,Diwali,2018,Diwali,,
07/11/18 5:00,07/11/18 6:00,49.87,Diwali,2018,Diwali,,
07/11/18 6:00,07/11/18 7:00,72.14,Diwali,2018,Diwali,,
07/11/18 7:00,07/11/18 8:00,126.68,Diwali,2018,Diwali,,
07/11/18 8:00,07/11/18 9:00,132.58,Diwali,2018,Diwali,,
07/11/18 9:00,07/11/18 10:00,84.83,Diwali,2018,Diwali,,
07/11/18 10:00,07/11/18 11:00,72.64,Diwali,2018,Diwali,,
07/11/18 11:00,07/11/18 12:00,48.11,Diwali,2018,Diwali,,
07/11/18 12:00,07/11/18 13:00,44.71,Diwali,2018,Diwali,,
07/11/18 13:00,07/11/18 14:00,33.37,Diwali,2018,Diwali,,
07/11/18 14:00,07/11/18 15:00,38.46,Diwali,2018,Diwali,,
07/11/18 15:00,07/11/18 16:00,49.93,Diwali,2018,Diwali,,
07/11/18 16:00,07/11/18 17:00,34.71,Diwali,2018,Diwali,,
07/11/18 17:00,07/11/18 18:00,37.23,Diwali,2018,Diwali,,
07/11/18 18:00,07/11/18 19:00,56.63,Diwali,2018,Diwali,,
07/11/18 19:00,07/11/18 20:00,83.53,Diwali,2018,Diwali,,
07/11/18 20:00,07/11/18 21:00,161.52,Diwali,2018,Diwali,,
07/11/18 21:00,07/11/18 22:00,280.15,Diwali,2018,Diwali,,
07/11/18 22:00,07/11/18 23:00,383.66,Diwali,2018,Diwali,,
07/11/18 23:00,08/11/18 0:00,621.8,Diwali,2018,Diwali,,
08/11/18 0:00,08/11/18 1:00,530.5,1-Day Post Diwali,2018,1-Day Post ,,
08/11/18 1:00,08/11/18 2:00,368.89,1-Day Post Diwali,2018,1-Day Post ,,
08/11/18 2:00,08/11/18 3:00,229.74,1-Day Post Diwali,2018,1-Day Post ,,
08/11/18 3:00,08/11/18 4:00,155.37,1-Day Post Diwali,2018,1-Day Post ,,
08/11/18 6:00,08/11/18 7:00,88.31,1-Day Post Diwali,2018,1-Day Post ,,
08/11/18 8:00,08/11/18 9:00,116.61,1-Day Post Diwali,2018,1-Day Post ,,
08/11/18 9:00,08/11/18 10:00,111.6,1-Day Post Diwali,2018,1-Day Post ,,
08/11/18 10:00,08/11/18 11:00,78.94,1-Day Post Diwali,2018,1-Day Post ,,
08/11/18 11:00,08/11/18 12:00,52.56,1-Day Post Diwali,2018,1-Day Post ,,
08/11/18 12:00,08/11/18 13:00,41.26,1-Day Post Diwali,2018,1-Day Post ,,
08/11/18 13:00,08/11/18 14:00,39.63,1-Day Post Diwali,2018,1-Day Post ,,
08/11/18 14:00,08/11/18 15:00,41.09,1-Day Post Diwali,2018,1-Day Post ,,
08/11/18 15:00,08/11/18 16:00,32.99,1-Day Post Diwali,2018,1-Day Post ,,
08/11/18 16:00,08/11/18 17:00,26.64,1-Day Post Diwali,2018,1-Day Post ,,
08/11/18 17:00,08/11/18 18:00,34.59,1-Day Post Diwali,2018,1-Day Post ,,
08/11/18 18:00,08/11/18 19:00,46.12,1-Day Post Diwali,2018,1-Day Post ,,
08/11/18 19:00,08/11/18 20:00,67.23,1-Day Post Diwali,2018,1-Day Post ,,
08/11/18 20:00,08/11/18 21:00,105.9,1-Day Post Diwali,2018,1-Day Post ,,
08/11/18 21:00,08/11/18 22:00,177.42,1-Day Post Diwali,2018,1-Day Post ,,
08/11/18 22:00,08/11/18 23:00,230.61,1-Day Post Diwali,2018,1-Day Post ,,
08/11/18 23:00,09/11/18 0:00,285.45,1-Day Post Diwali,2018,1-Day Post ,,
09/11/18 0:00,09/11/18 1:00,326.3,2-Day Post Diwali,2018,2-Day Post ,,
09/11/18 1:00,09/11/18 2:00,390.86,2-Day Post Diwali,2018,2-Day Post ,,
09/11/18 2:00,09/11/18 3:00,368.07,2-Day Post Diwali,2018,2-Day Post ,,
09/11/18 3:00,09/11/18 4:00,296.19,2-Day Post Diwali,2018,2-Day Post ,,
09/11/18 4:00,09/11/18 5:00,231.44,2-Day Post Diwali,2018,2-Day Post ,,
09/11/18 5:00,09/11/18 6:00,168.81,2-Day Post Diwali,2018,2-Day Post ,,
09/11/18 6:00,09/11/18 7:00,139.4,2-Day Post Diwali,2018,2-Day Post ,,
09/11/18 7:00,09/11/18 8:00,181.58,2-Day Post Diwali,2018,2-Day Post ,,
09/11/18 8:00,09/11/18 9:00,190.88,2-Day Post Diwali,2018,2-Day Post ,,
09/11/18 9:00,09/11/18 10:00,154.18,2-Day Post Diwali,2018,2-Day Post ,,
09/11/18 10:00,09/11/18 11:00,107.87,2-Day Post Diwali,2018,2-Day Post ,,
09/11/18 11:00,09/11/18 12:00,96.17,2-Day Post Diwali,2018,2-Day Post ,,
09/11/18 12:00,09/11/18 13:00,78.36,2-Day Post Diwali,2018,2-Day Post ,,
09/11/18 13:00,09/11/18 14:00,65.67,2-Day Post Diwali,2018,2-Day Post ,,
09/11/18 14:00,09/11/18 15:00,59.06,2-Day Post Diwali,2018,2-Day Post ,,
09/11/18 15:00,09/11/18 16:00,63.76,2-Day Post Diwali,2018,2-Day Post ,,
09/11/18 16:00,09/11/18 17:00,56.34,2-Day Post Diwali,2018,2-Day Post ,,
09/11/18 17:00,09/11/18 18:00,61.11,2-Day Post Diwali,2018,2-Day Post ,,
09/11/18 18:00,09/11/18 19:00,56.03,2-Day Post Diwali,2018,2-Day Post ,,
09/11/18 19:00,09/11/18 20:00,94.89,2-Day Post Diwali,2018,2-Day Post ,,
09/11/18 20:00,09/11/18 21:00,127.68,2-Day Post Diwali,2018,2-Day Post ,,
09/11/18 21:00,09/11/18 22:00,174.42,2-Day Post Diwali,2018,2-Day Post ,,
09/11/18 22:00,09/11/18 23:00,254.22,2-Day Post Diwali,2018,2-Day Post ,,
09/11/18 23:00,10/11/18 0:00,356.19,2-Day Post Diwali,2018,2-Day Post ,,
10/11/18 0:00,10/11/18 1:00,410.28,3-Day Post Diwali,2018,3-Day Post ,,
10/11/18 1:00,10/11/18 2:00,438.12,3-Day Post Diwali,2018,3-Day Post ,,
10/11/18 2:00,10/11/18 3:00,433.53,3-Day Post Diwali,2018,3-Day Post ,,
10/11/18 3:00,10/11/18 4:00,351.7,3-Day Post Diwali,2018,3-Day Post ,,
10/11/18 4:00,10/11/18 5:00,212.94,3-Day Post Diwali,2018,3-Day Post ,,
10/11/18 5:00,10/11/18 6:00,143.8,3-Day Post Diwali,2018,3-Day Post ,,
10/11/18 6:00,10/11/18 7:00,147.81,3-Day Post Diwali,2018,3-Day Post ,,
10/11/18 7:00,10/11/18 8:00,158.52,3-Day Post Diwali,2018,3-Day Post ,,
10/11/18 8:00,10/11/18 9:00,168.62,3-Day Post Diwali,2018,3-Day Post ,,
10/11/18 9:00,10/11/18 10:00,141.11,3-Day Post Diwali,2018,3-Day Post ,,
10/11/18 10:00,10/11/18 11:00,134.64,3-Day Post Diwali,2018,3-Day Post ,,
10/11/18 11:00,10/11/18 12:00,99.01,3-Day Post Diwali,2018,3-Day Post ,,
10/11/18 12:00,10/11/18 13:00,68.5,3-Day Post Diwali,2018,3-Day Post ,,
10/11/18 13:00,10/11/18 14:00,69.71,3-Day Post Diwali,2018,3-Day Post ,,
10/11/18 14:00,10/11/18 15:00,55.35,3-Day Post Diwali,2018,3-Day Post ,,
10/11/18 15:00,10/11/18 16:00,62.59,3-Day Post Diwali,2018,3-Day Post ,,
10/11/18 16:00,10/11/18 17:00,51.2,3-Day Post Diwali,2018,3-Day Post ,,
10/11/18 17:00,10/11/18 18:00,52.55,3-Day Post Diwali,2018,3-Day Post ,,
10/11/18 18:00,10/11/18 19:00,59.11,3-Day Post Diwali,2018,3-Day Post ,,
10/11/18 19:00,10/11/18 20:00,72.42,3-Day Post Diwali,2018,3-Day Post ,,
10/11/18 20:00,10/11/18 21:00,130.34,3-Day Post Diwali,2018,3-Day Post ,,
10/11/18 21:00,10/11/18 22:00,189.66,3-Day Post Diwali,2018,3-Day Post ,,
16/10/17 0:00,16/10/17 1:00,147.63,3-Day Pre Diwali,2017,3-Day Pre ,,
16/10/17 1:00,16/10/17 2:00,131.43,3-Day Pre Diwali,2017,3-Day Pre ,,
16/10/17 2:00,16/10/17 3:00,118.82,3-Day Pre Diwali,2017,3-Day Pre ,,
16/10/17 3:00,16/10/17 4:00,111.65,3-Day Pre Diwali,2017,3-Day Pre ,,
16/10/17 4:00,16/10/17 5:00,120.33,3-Day Pre Diwali,2017,3-Day Pre ,,
16/10/17 5:00,16/10/17 6:00,117.95,3-Day Pre Diwali,2017,3-Day Pre ,,
16/10/17 6:00,16/10/17 7:00,133.78,3-Day Pre Diwali,2017,3-Day Pre ,,
16/10/17 7:00,16/10/17 8:00,103.75,3-Day Pre Diwali,2017,3-Day Pre ,,
16/10/17 8:00,16/10/17 9:00,119.38,3-Day Pre Diwali,2017,3-Day Pre ,,
16/10/17 9:00,16/10/17 10:00,131.23,3-Day Pre Diwali,2017,3-Day Pre ,,
16/10/17 10:00,16/10/17 11:00,114.48,3-Day Pre Diwali,2017,3-Day Pre ,,
16/10/17 11:00,16/10/17 12:00,90.58,3-Day Pre Diwali,2017,3-Day Pre ,,
16/10/17 12:00,16/10/17 13:00,83.8,3-Day Pre Diwali,2017,3-Day Pre ,,
16/10/17 13:00,16/10/17 14:00,57.7,3-Day Pre Diwali,2017,3-Day Pre ,,
16/10/17 14:00,16/10/17 15:00,48.1,3-Day Pre Diwali,2017,3-Day Pre ,,
16/10/17 15:00,16/10/17 16:00,34.55,3-Day Pre Diwali,2017,3-Day Pre ,,
16/10/17 18:00,16/10/17 19:00,82.1,3-Day Pre Diwali,2017,3-Day Pre ,,
16/10/17 19:00,16/10/17 20:00,137.15,3-Day Pre Diwali,2017,3-Day Pre ,,
16/10/17 20:00,16/10/17 21:00,214.9,3-Day Pre Diwali,2017,3-Day Pre ,,
16/10/17 21:00,16/10/17 22:00,266.72,3-Day Pre Diwali,2017,3-Day Pre ,,
16/10/17 22:00,16/10/17 23:00,331.35,3-Day Pre Diwali,2017,3-Day Pre ,,
16/10/17 23:00,17/10/17 0:00,379.02,3-Day Pre Diwali,2017,3-Day Pre ,,
17/10/17 0:00,17/10/17 1:00,299.27,2-Day Pre Diwali,2017,2-Day Pre ,,
17/10/17 1:00,17/10/17 2:00,217.85,2-Day Pre Diwali,2017,2-Day Pre ,,
17/10/17 2:00,17/10/17 3:00,154.68,2-Day Pre Diwali,2017,2-Day Pre ,,
17/10/17 3:00,17/10/17 4:00,123.7,2-Day Pre Diwali,2017,2-Day Pre ,,
17/10/17 4:00,17/10/17 5:00,113.42,2-Day Pre Diwali,2017,2-Day Pre ,,
17/10/17 5:00,17/10/17 6:00,144.17,2-Day Pre Diwali,2017,2-Day Pre ,,
17/10/17 6:00,17/10/17 7:00,160.05,2-Day Pre Diwali,2017,2-Day Pre ,,
17/10/17 7:00,17/10/17 8:00,170.6,2-Day Pre Diwali,2017,2-Day Pre ,,
17/10/17 8:00,17/10/17 9:00,181.6,2-Day Pre Diwali,2017,2-Day Pre ,,
17/10/17 11:00,17/10/17 12:00,130.77,2-Day Pre Diwali,2017,2-Day Pre ,,
17/10/17 12:00,17/10/17 13:00,107.42,2-Day Pre Diwali,2017,2-Day Pre ,,
17/10/17 13:00,17/10/17 14:00,88.33,2-Day Pre Diwali,2017,2-Day Pre ,,
17/10/17 14:00,17/10/17 15:00,73.4,2-Day Pre Diwali,2017,2-Day Pre ,,
17/10/17 15:00,17/10/17 16:00,70.97,2-Day Pre Diwali,2017,2-Day Pre ,,
17/10/17 16:00,17/10/17 17:00,64.45,2-Day Pre Diwali,2017,2-Day Pre ,,
17/10/17 17:00,17/10/17 18:00,70.05,2-Day Pre Diwali,2017,2-Day Pre ,,
17/10/17 18:00,17/10/17 19:00,85.92,2-Day Pre Diwali,2017,2-Day Pre ,,
17/10/17 19:00,17/10/17 20:00,148.98,2-Day Pre Diwali,2017,2-Day Pre ,,
17/10/17 20:00,17/10/17 21:00,198.22,2-Day Pre Diwali,2017,2-Day Pre ,,
17/10/17 21:00,17/10/17 22:00,195.9,2-Day Pre Diwali,2017,2-Day Pre ,,
17/10/17 22:00,17/10/17 23:00,197.57,2-Day Pre Diwali,2017,2-Day Pre ,,
17/10/17 23:00,18/10/17 0:00,188.7,2-Day Pre Diwali,2017,2-Day Pre ,,
18/10/17 0:00,18/10/17 1:00,201.3,1-Day Pre Diwali,2017,1-Day Pre ,,
18/10/17 1:00,18/10/17 2:00,209.92,1-Day Pre Diwali,2017,1-Day Pre ,,
18/10/17 2:00,18/10/17 3:00,190.78,1-Day Pre Diwali,2017,1-Day Pre ,,
18/10/17 3:00,18/10/17 4:00,152.52,1-Day Pre Diwali,2017,1-Day Pre ,,
18/10/17 4:00,18/10/17 5:00,130.38,1-Day Pre Diwali,2017,1-Day Pre ,,
18/10/17 5:00,18/10/17 6:00,121.73,1-Day Pre Diwali,2017,1-Day Pre ,,
18/10/17 6:00,18/10/17 7:00,136.95,1-Day Pre Diwali,2017,1-Day Pre ,,
18/10/17 7:00,18/10/17 8:00,164.38,1-Day Pre Diwali,2017,1-Day Pre ,,
18/10/17 8:00,18/10/17 9:00,205.87,1-Day Pre Diwali,2017,1-Day Pre ,,
18/10/17 9:00,18/10/17 10:00,171.13,1-Day Pre Diwali,2017,1-Day Pre ,,
18/10/17 10:00,18/10/17 11:00,155.67,1-Day Pre Diwali,2017,1-Day Pre ,,
18/10/17 11:00,18/10/17 12:00,154.03,1-Day Pre Diwali,2017,1-Day Pre ,,
18/10/17 12:00,18/10/17 13:00,141.78,1-Day Pre Diwali,2017,1-Day Pre ,,
18/10/17 13:00,18/10/17 14:00,117.95,1-Day Pre Diwali,2017,1-Day Pre ,,
18/10/17 14:00,18/10/17 15:00,114.72,1-Day Pre Diwali,2017,1-Day Pre ,,
18/10/17 15:00,18/10/17 16:00,98.15,1-Day Pre Diwali,2017,1-Day Pre ,,
18/10/17 16:00,18/10/17 17:00,93.67,1-Day Pre Diwali,2017,1-Day Pre ,,
18/10/17 17:00,18/10/17 18:00,109.67,1-Day Pre Diwali,2017,1-Day Pre ,,
18/10/17 18:00,18/10/17 19:00,121.05,1-Day Pre Diwali,2017,1-Day Pre ,,
18/10/17 19:00,18/10/17 20:00,157,1-Day Pre Diwali,2017,1-Day Pre ,,
18/10/17 20:00,18/10/17 21:00,171.85,1-Day Pre Diwali,2017,1-Day Pre ,,
18/10/17 21:00,18/10/17 22:00,207.33,1-Day Pre Diwali,2017,1-Day Pre ,,
18/10/17 22:00,18/10/17 23:00,236.5,1-Day Pre Diwali,2017,1-Day Pre ,,
18/10/17 23:00,19/10/17 0:00,227.65,1-Day Pre Diwali,2017,1-Day Pre ,,
19/10/17 0:00,19/10/17 1:00,178.28,Diwali,2017,Diwali,,
19/10/17 1:00,19/10/17 2:00,152.55,Diwali,2017,Diwali,,
19/10/17 2:00,19/10/17 3:00,141.35,Diwali,2017,Diwali,,
19/10/17 3:00,19/10/17 4:00,135.87,Diwali,2017,Diwali,,
19/10/17 4:00,19/10/17 5:00,126.07,Diwali,2017,Diwali,,
19/10/17 5:00,19/10/17 6:00,136.15,Diwali,2017,Diwali,,
19/10/17 6:00,19/10/17 7:00,154.7,Diwali,2017,Diwali,,
19/10/17 22:00,19/10/17 23:00,348.12,Diwali,2017,Diwali,,
19/10/17 23:00,20/10/17 0:00,833.97,Diwali,2017,Diwali,,
20/10/17 1:00,20/10/17 2:00,726.15,1-Day Post Diwali,2017,1-Day Post ,,
20/10/17 2:00,20/10/17 3:00,151.43,1-Day Post Diwali,2017,1-Day Post ,,
20/10/17 3:00,20/10/17 4:00,82.85,1-Day Post Diwali,2017,1-Day Post ,,
20/10/17 4:00,20/10/17 5:00,17.25,1-Day Post Diwali,2017,1-Day Post ,,
20/10/17 5:00,20/10/17 6:00,87.2,1-Day Post Diwali,2017,1-Day Post ,,
20/10/17 6:00,20/10/17 7:00,96.88,1-Day Post Diwali,2017,1-Day Post ,,
20/10/17 7:00,20/10/17 8:00,121.3,1-Day Post Diwali,2017,1-Day Post ,,
20/10/17 8:00,20/10/17 9:00,122.25,1-Day Post Diwali,2017,1-Day Post ,,
20/10/17 9:00,20/10/17 10:00,116.5,1-Day Post Diwali,2017,1-Day Post ,,
20/10/17 10:00,20/10/17 11:00,108.33,1-Day Post Diwali,2017,1-Day Post ,,
20/10/17 11:00,20/10/17 12:00,97.52,1-Day Post Diwali,2017,1-Day Post ,,
20/10/17 12:00,20/10/17 13:00,84.58,1-Day Post Diwali,2017,1-Day Post ,,
20/10/17 13:00,20/10/17 14:00,63.97,1-Day Post Diwali,2017,1-Day Post ,,
20/10/17 14:00,20/10/17 15:00,51.28,1-Day Post Diwali,2017,1-Day Post ,,
20/10/17 15:00,20/10/17 16:00,58.7,1-Day Post Diwali,2017,1-Day Post ,,
20/10/17 16:00,20/10/17 17:00,58,1-Day Post Diwali,2017,1-Day Post ,,
20/10/17 17:00,20/10/17 18:00,57.58,1-Day Post Diwali,2017,1-Day Post ,,
20/10/17 18:00,20/10/17 19:00,72.95,1-Day Post Diwali,2017,1-Day Post ,,
20/10/17 19:00,20/10/17 20:00,129.95,1-Day Post Diwali,2017,1-Day Post ,,
20/10/17 20:00,20/10/17 21:00,211.9,1-Day Post Diwali,2017,1-Day Post ,,
20/10/17 21:00,20/10/17 22:00,335.68,1-Day Post Diwali,2017,1-Day Post ,,
20/10/17 22:00,20/10/17 23:00,473.15,1-Day Post Diwali,2017,1-Day Post ,,
20/10/17 23:00,21/10/17 0:00,622.25,1-Day Post Diwali,2017,1-Day Post ,,
21/10/17 0:00,21/10/17 1:00,742.8,2-Day Post Diwali,2017,2-Day Post ,,
21/10/17 1:00,21/10/17 2:00,663.18,2-Day Post Diwali,2017,2-Day Post ,,
21/10/17 2:00,21/10/17 3:00,357.53,2-Day Post Diwali,2017,2-Day Post ,,
21/10/17 3:00,21/10/17 4:00,208.95,2-Day Post Diwali,2017,2-Day Post ,,
21/10/17 4:00,21/10/17 5:00,145.85,2-Day Post Diwali,2017,2-Day Post ,,
21/10/17 5:00,21/10/17 6:00,135.8,2-Day Post Diwali,2017,2-Day Post ,,
21/10/17 6:00,21/10/17 7:00,162.42,2-Day Post Diwali,2017,2-Day Post ,,
21/10/17 7:00,21/10/17 8:00,169.23,2-Day Post Diwali,2017,2-Day Post ,,
21/10/17 8:00,21/10/17 9:00,159.57,2-Day Post Diwali,2017,2-Day Post ,,
21/10/17 9:00,21/10/17 10:00,149.25,2-Day Post Diwali,2017,2-Day Post ,,
21/10/17 10:00,21/10/17 11:00,130.27,2-Day Post Diwali,2017,2-Day Post ,,
21/10/17 11:00,21/10/17 12:00,130.42,2-Day Post Diwali,2017,2-Day Post ,,
21/10/17 12:00,21/10/17 13:00,113.58,2-Day Post Diwali,2017,2-Day Post ,,
21/10/17 13:00,21/10/17 14:00,92.62,2-Day Post Diwali,2017,2-Day Post ,,
21/10/17 14:00,21/10/17 15:00,67.1,2-Day Post Diwali,2017,2-Day Post ,,
21/10/17 15:00,21/10/17 16:00,61.05,2-Day Post Diwali,2017,2-Day Post ,,
21/10/17 16:00,21/10/17 17:00,64.17,2-Day Post Diwali,2017,2-Day Post ,,
21/10/17 17:00,21/10/17 18:00,64.18,2-Day Post Diwali,2017,2-Day Post ,,
21/10/17 18:00,21/10/17 19:00,67.35,2-Day Post Diwali,2017,2-Day Post ,,
21/10/17 19:00,21/10/17 20:00,99.3,2-Day Post Diwali,2017,2-Day Post ,,
21/10/17 20:00,21/10/17 21:00,163.18,2-Day Post Diwali,2017,2-Day Post ,,
21/10/17 21:00,21/10/17 22:00,206.32,2-Day Post Diwali,2017,2-Day Post ,,
21/10/17 22:00,21/10/17 23:00,244.95,2-Day Post Diwali,2017,2-Day Post ,,
21/10/17 23:00,22/10/17 0:00,289.1,2-Day Post Diwali,2017,2-Day Post ,,
22/10/17 0:00,22/10/17 1:00,291.25,3-Day Post Diwali,2017,3-Day Post ,,
22/10/17 1:00,22/10/17 2:00,270,3-Day Post Diwali,2017,3-Day Post ,,
22/10/17 2:00,22/10/17 3:00,186.83,3-Day Post Diwali,2017,3-Day Post ,,
22/10/17 3:00,22/10/17 4:00,145.9,3-Day Post Diwali,2017,3-Day Post ,,
22/10/17 4:00,22/10/17 5:00,119.15,3-Day Post Diwali,2017,3-Day Post ,,
22/10/17 5:00,22/10/17 6:00,106.6,3-Day Post Diwali,2017,3-Day Post ,,
22/10/17 7:00,22/10/17 8:00,143.9,3-Day Post Diwali,2017,3-Day Post ,,
22/10/17 14:00,22/10/17 15:00,52.02,3-Day Post Diwali,2017,3-Day Post ,,
22/10/17 15:00,22/10/17 16:00,63.87,3-Day Post Diwali,2017,3-Day Post ,,
22/10/17 16:00,22/10/17 17:00,70.95,3-Day Post Diwali,2017,3-Day Post ,,
22/10/17 17:00,22/10/17 18:00,72.2,3-Day Post Diwali,2017,3-Day Post ,,
22/10/17 18:00,22/10/17 19:00,83.47,3-Day Post Diwali,2017,3-Day Post ,,
22/10/17 19:00,22/10/17 20:00,113.58,3-Day Post Diwali,2017,3-Day Post ,,
22/10/17 20:00,22/10/17 21:00,125.2,3-Day Post Diwali,2017,3-Day Post ,,
22/10/17 21:00,22/10/17 22:00,128.62,3-Day Post Diwali,2017,3-Day Post ,,
22/10/17 22:00,22/10/17 23:00,125.48,3-Day Post Diwali,2017,3-Day Post ,,
22/10/17 23:00,23/10/17 0:00,123.2,3-Day Post Diwali,2017,3-Day Post ,,